{
  "n21.yaml": {
    "nlmaps_ann_replaced/nlmaps.test": 0.07019867549668875,
    "nlmaps_ann_replaced_corrected/nlmaps.test": 0.06887417218543046,
    "nlmaps_v2/split_1_train_dev_test/nlmaps.v2.test": 0.7828015858032848,
    "nlmaps_v2delta/nlmaps.v2.test": 0.9131576290013127,
    "nlmaps_v3epsilon/v3epsilon.noise.plusv2/nlmaps.v3epsilon.test": 0.47127133191962034,
    "nlmaps_v3epsilon/v3epsilon.noise/nlmaps.v3epsilon.test": 0.028829647581540947,
    "nlmaps_v3epsilon/v3epsilon.normal.plusv2/nlmaps.v3epsilon.test": 0.47354337069574876,
    "nlmaps_v3epsilon/v3epsilon.normal/nlmaps.v3epsilon.test": 0.03387862263960416,
    "nlmaps_web_2to1/nlmaps.web.test": 0.06
  },
  "n3.yaml": {
    "nlmaps_ann_replaced/nlmaps.test": 0.280794701986755,
    "nlmaps_ann_replaced_corrected/nlmaps.test": 0.28874172185430463,
    "nlmaps_v2/split_1_train_dev_test/nlmaps.v2.test": 0.787238059278837,
    "nlmaps_v2delta/nlmaps.v2.test": 0.9125517519943451,
    "nlmaps_v3epsilon/v3epsilon.noise.plusv2/nlmaps.v3epsilon.test": 0.8739270928001616,
    "nlmaps_v3epsilon/v3epsilon.noise/nlmaps.v3epsilon.test": 0.8336362718368171,
    "nlmaps_v3epsilon/v3epsilon.normal.plusv2/nlmaps.v3epsilon.test": 0.930829041704534,
    "nlmaps_v3epsilon/v3epsilon.normal/nlmaps.v3epsilon.test": 0.9498131879228516,
    "nlmaps_web_2to1/nlmaps.web.test": 0.42
  },
  "n3_50e.yaml": {
    "nlmaps_ann_replaced/nlmaps.test": 0.2913907284768212,
    "nlmaps_ann_replaced_corrected/nlmaps.test": 0.29668874172185433,
    "nlmaps_v2/split_1_train_dev_test/nlmaps.v2.test": 0.7925240702284312,
    "nlmaps_v2delta/nlmaps.v2.test": 0.92093305059073,
    "nlmaps_v3epsilon/v3epsilon.noise.plusv2/nlmaps.v3epsilon.test": 0.8825608401494497,
    "nlmaps_v3epsilon/v3epsilon.noise/nlmaps.v3epsilon.test": 0.8443905887104918,
    "nlmaps_v3epsilon/v3epsilon.normal.plusv2/nlmaps.v3epsilon.test": 0.9423911945874988,
    "nlmaps_v3epsilon/v3epsilon.normal/nlmaps.v3epsilon.test": 0.963495910330203,
    "nlmaps_web_2to1/nlmaps.web.test": 0.46
  },
  "n3_ar.yaml": {
    "nlmaps_ann_replaced/nlmaps.test": 0.5086092715231788,
    "nlmaps_ann_replaced_corrected/nlmaps.test": 0.519205298013245,
    "nlmaps_v2/split_1_train_dev_test/nlmaps.v2.test": 0.7218236737776099,
    "nlmaps_v2delta/nlmaps.v2.test": 0.8287387660304958,
    "nlmaps_v3epsilon/v3epsilon.noise.plusv2/nlmaps.v3epsilon.test": 0.7884479450671513,
    "nlmaps_v3epsilon/v3epsilon.noise/nlmaps.v3epsilon.test": 0.7446733313137434,
    "nlmaps_v3epsilon/v3epsilon.normal.plusv2/nlmaps.v3epsilon.test": 0.8462587094819751,
    "nlmaps_v3epsilon/v3epsilon.normal/nlmaps.v3epsilon.test": 0.8663536302130668,
    "nlmaps_web_2to1/nlmaps.web.test": 0.86
  },
  "n3_ar_adadelta_1-0-0.yaml": {
    "nlmaps_ann_replaced/nlmaps.test": 0.41456953642384103,
    "nlmaps_ann_replaced_corrected/nlmaps.test": 0.42119205298013246,
    "nlmaps_v2/split_1_train_dev_test/nlmaps.v2.test": 0.7104021144043798,
    "nlmaps_v2delta/nlmaps.v2.test": 0.819246692921337,
    "nlmaps_v3epsilon/v3epsilon.noise.plusv2/nlmaps.v3epsilon.test": 0.7722407351307684,
    "nlmaps_v3epsilon/v3epsilon.noise/nlmaps.v3epsilon.test": 0.7251337978390386,
    "nlmaps_v3epsilon/v3epsilon.normal.plusv2/nlmaps.v3epsilon.test": 0.8307078663031404,
    "nlmaps_v3epsilon/v3epsilon.normal/nlmaps.v3epsilon.test": 0.8449964657174593,
    "nlmaps_web_2to1/nlmaps.web.test": 0.58
  },
  "n3_ar_adadelta_1-0-0_5.yaml": {
    "nlmaps_ann_replaced/nlmaps.test": 0.4,
    "nlmaps_ann_replaced_corrected/nlmaps.test": 0.4066225165562914,
    "nlmaps_v2/split_1_train_dev_test/nlmaps.v2.test": 0.6720785350198225,
    "nlmaps_v2delta/nlmaps.v2.test": 0.7655255983035444,
    "nlmaps_v3epsilon/v3epsilon.noise.plusv2/nlmaps.v3epsilon.test": 0.7296778753912956,
    "nlmaps_v3epsilon/v3epsilon.noise/nlmaps.v3epsilon.test": 0.6959002322528527,
    "nlmaps_v3epsilon/v3epsilon.normal.plusv2/nlmaps.v3epsilon.test": 0.7843582752701201,
    "nlmaps_v3epsilon/v3epsilon.normal/nlmaps.v3epsilon.test": 0.8087953145511462,
    "nlmaps_web_2to1/nlmaps.web.test": 0.59
  },
  "n3_ar_adam_1-4-5.yaml": {
    "nlmaps_ann_replaced/nlmaps.test": 0.48344370860927155,
    "nlmaps_ann_replaced_corrected/nlmaps.test": 0.4900662251655629,
    "nlmaps_v2/split_1_train_dev_test/nlmaps.v2.test": 0.7572210685293562,
    "nlmaps_v2delta/nlmaps.v2.test": 0.8798343936180956,
    "nlmaps_v3epsilon/v3epsilon.noise.plusv2/nlmaps.v3epsilon.test": 0.8306068868019792,
    "nlmaps_v3epsilon/v3epsilon.noise/nlmaps.v3epsilon.test": 0.7804705644754115,
    "nlmaps_v3epsilon/v3epsilon.normal.plusv2/nlmaps.v3epsilon.test": 0.8838735736645461,
    "nlmaps_v3epsilon/v3epsilon.normal/nlmaps.v3epsilon.test": 0.8945269110370595,
    "nlmaps_web_2to1/nlmaps.web.test": 0.79
  },
  "n3_ar_ratio05.yaml": {
    "nlmaps_ann_replaced/nlmaps.test": 0.5509933774834437,
    "nlmaps_v2/split_1_train_dev_test/nlmaps.v2.test": 0.7711912403247121,
    "nlmaps_v2delta/nlmaps.v2.test": 0.8962940523073816,
    "nlmaps_v3epsilon/v3epsilon.noise.plusv2/nlmaps.v3epsilon.test": 0.8552963748359083,
    "nlmaps_v3epsilon/v3epsilon.noise/nlmaps.v3epsilon.test": 0.8137937998586287,
    "nlmaps_v3epsilon/v3epsilon.normal.plusv2/nlmaps.v3epsilon.test": 0.9145208522669898,
    "nlmaps_v3epsilon/v3epsilon.normal/nlmaps.v3epsilon.test": 0.9342623447440169,
    "nlmaps_web_2to1/nlmaps.web.test": 0.9
  },
  "n3_arc.yaml": {
    "nlmaps_ann_replaced/nlmaps.test": 0.5178807947019868,
    "nlmaps_ann_replaced_corrected/nlmaps.test": 0.5536423841059602,
    "nlmaps_v2/split_1_train_dev_test/nlmaps.v2.test": 0.7300358693600151,
    "nlmaps_v2delta/nlmaps.v2.test": 0.8362112491164294,
    "nlmaps_v3epsilon/v3epsilon.noise.plusv2/nlmaps.v3epsilon.test": 0.7919317378572149,
    "nlmaps_v3epsilon/v3epsilon.noise/nlmaps.v3epsilon.test": 0.7462890033323235,
    "nlmaps_v3epsilon/v3epsilon.normal.plusv2/nlmaps.v3epsilon.test": 0.8519135615470059,
    "nlmaps_v3epsilon/v3epsilon.normal/nlmaps.v3epsilon.test": 0.8709986872664849,
    "nlmaps_web_2to1/nlmaps.web.test": 0.9
  },
  "n3_arc_adadelta_1-0-0.yaml": {
    "nlmaps_ann_replaced/nlmaps.test": 0.376158940397351,
    "nlmaps_ann_replaced_corrected/nlmaps.test": 0.39072847682119205,
    "nlmaps_v2/split_1_train_dev_test/nlmaps.v2.test": 0.708703039456296,
    "nlmaps_v2delta/nlmaps.v2.test": 0.8171261233969505,
    "nlmaps_v3epsilon/v3epsilon.noise.plusv2/nlmaps.v3epsilon.test": 0.7736544481470261,
    "nlmaps_v3epsilon/v3epsilon.noise/nlmaps.v3epsilon.test": 0.7297788548924569,
    "nlmaps_v3epsilon/v3epsilon.normal.plusv2/nlmaps.v3epsilon.test": 0.8351509643542361,
    "nlmaps_v3epsilon/v3epsilon.normal/nlmaps.v3epsilon.test": 0.8548419670806826,
    "nlmaps_web_2to1/nlmaps.web.test": 0.6
  },
  "n3_arc_adadelta_1-0-5.yaml": {
    "nlmaps_ann_replaced/nlmaps.test": 0.3536423841059603,
    "nlmaps_ann_replaced_corrected/nlmaps.test": 0.3655629139072848,
    "nlmaps_v2/split_1_train_dev_test/nlmaps.v2.test": 0.7844062676986974,
    "nlmaps_v2delta/nlmaps.v2.test": 0.9114409774815713,
    "nlmaps_v3epsilon/v3epsilon.noise.plusv2/nlmaps.v3epsilon.test": 0.8712006462688074,
    "nlmaps_v3epsilon/v3epsilon.noise/nlmaps.v3epsilon.test": 0.8292436635363021,
    "nlmaps_v3epsilon/v3epsilon.normal.plusv2/nlmaps.v3epsilon.test": 0.9271432899121478,
    "nlmaps_v3epsilon/v3epsilon.normal/nlmaps.v3epsilon.test": 0.9451176411188529,
    "nlmaps_web_2to1/nlmaps.web.test": 0.54
  },
  "n3_arc_adadelta_1-0-5_5.yaml": {
    "nlmaps_ann_replaced/nlmaps.test": 0.39867549668874175,
    "nlmaps_ann_replaced_corrected/nlmaps.test": 0.41456953642384103,
    "nlmaps_v2/split_1_train_dev_test/nlmaps.v2.test": 0.7888427411742496,
    "nlmaps_v2delta/nlmaps.v2.test": 0.9153791780268605,
    "nlmaps_v3epsilon/v3epsilon.noise.plusv2/nlmaps.v3epsilon.test": 0.8764515803291931,
    "nlmaps_v3epsilon/v3epsilon.noise/nlmaps.v3epsilon.test": 0.8336867615873977,
    "nlmaps_v3epsilon/v3epsilon.normal.plusv2/nlmaps.v3epsilon.test": 0.9331010804806624,